x,y
-3.624741557398469,-36.592537974263905
5.426326621753228,110.99179608114962
-7.622305993352407,79.82729408817715
1.8602062409716318,3.5045229024336493
-1.719488099569224,-64.34907904462368
5.487389436900173,28.886670655544208
-5.347381153729977,37.29180803956798
-6.1350664914605915,-7.714491116383716
6.367231037461146,64.68761152005963
3.098518883135835,19.254891628607968
2.8086874700861255,20.381711360317098
1.9825461889957072,-18.77006235242672
2.60498958763605,14.705187677778378
-3.717855758754405,-64.85018859330492
3.751877905039052,16.2578614587495
-6.581108303121246,20.052091421177632
-2.679955154489466,28.831309266026576
-1.4606729799271232,-12.552153246267327
-1.9230747374465178,-91.92809516857766
-7.481217019617919,87.93823122440068
-7.7698567649427766,129.68631104533986
1.3161808954685092,2.506989820090226
3.0150197022783836,25.965751880368625
0.250994121823906,26.357599625728874
-0.7883641198006472,-25.306485573528903
-4.626924541399713,-6.850081536213734
-2.0676057595031168,-16.627707430371675
3.5105791216737483,-87.5261854017813
5.831478197288472,41.704364485051656
-1.670336418513994,-4.944625232093944
3.773496123529556,34.77996009191956
-7.844382775854587,3.12763221051695
-4.2145198351601305,-17.81159194299509
-0.10056458525532364,-40.627489906503726
4.250628980872232,2.924409657698142
5.475970575929155,78.1763028857043
-2.798246185267132,-48.39574267198009
-6.276070234014064,10.910622301856382
4.916121570974488,56.95147848376125
3.6219878068530083,-14.534687939200918
3.4771240987062413,10.157876252173608
-5.657873242479422,-22.874194236823502
7.140873663365008,90.91828634865468
4.505263955193348,25.1225973378748
2.8789681806445593,20.487090324184553
-2.191456854912616,-39.314750664224206
-1.812102470487531,-35.19868882709232
3.5412566373295356,-37.43734912990586
1.124952138857502,-37.3333398990911
-7.583610260379716,10.378314843167331
6.242303414385811,27.56460961950532
-0.6129851016368093,-37.93299731279369
-3.739696346775183,-16.903322029206354
5.128494568112977,38.6585038401112
-7.90670697473367,82.23549282862979
2.9680437584802437,-14.426808498696932
-4.136548646570212,-35.10069633759192
-3.0609498589820117,-86.31598062608674
4.2634068341288565,57.6105101986642
-0.7970386573492885,-5.59375825933456
6.878271459860047,103.36889667649511
4.1542964260868995,-1.285019865612668
5.67214147301336,35.078896880632364
6.412875967577985,54.51350804837162
0.3773676520726088,-62.0252800862992
2.646665999018275,9.589209223614533
-0.429227343121811,-28.92435467328741
-0.18788741257541908,11.780263463577732
-3.2726258748032606,-13.952188220748686
-7.683809240076457,38.30061799875976
-2.02814755106818,-5.6257376068301355
7.464660196656087,122.58623053453114
1.014113188190569,-51.1494159156296
5.232120919011175,-5.045053552371229
4.849704584147785,0.2690157643757658
2.907066419822618,29.883707580342953
-5.015958088570262,17.18500282454307
-4.326512342824234,30.557961394890384
4.5206334369750625,31.299031209776842
6.113485980780888,76.14351866992395
7.8547407108210106,101.26605454524379
-1.885655339526366,33.74112068692956
-6.627388920601481,44.519388663822895
6.894499511427233,132.090565076276
1.6888616277640853,2.8064605048900386
-0.8004415793457085,-48.86383466611844
-5.394627358812132,33.710442677909455
-5.674528025167817,-38.0362067338816
-4.555859345197886,17.26140275054738
4.559405126148194,26.739451459939797
3.5179242837247404,23.878141751780895
-0.4363104280765171,-61.24926564016475
6.434133016209138,75.33869752541906
6.234238052878972,48.91726913607468
-5.886222946353556,-14.597186450772217
5.247535543074028,86.93992864949331
-1.6001535185053228,-10.307746533398754
4.41958072719148,16.410420515390626
2.4818467122814365,-22.941335397781828
-7.384201791425685,27.327895211336017
-4.729018299850495,-0.098564602039378
7.138507887872663,102.02475842077008
-6.180569449914779,18.61735333130887
1.0011951555934981,-69.73292607209223
2.2366782459249723,-5.554428638357871
7.0533423781739675,96.94183594262849
-4.075536540175001,10.1312438479796
2.1684105012921773,-7.798468583267966
-4.5507159061138935,-12.004401142718617
-2.389404508771543,-21.858512573481786
5.655878743037059,37.65404454551668
-3.8946359536028083,48.274911628463286
4.607429988486594,8.30543221016924
5.959644932248587,31.850985449517847
-0.3394910943474301,-16.80280204758627
-1.621183600298279,-18.24513452771763
6.104750062606765,83.71760008825092
-1.6685563869798745,-31.344784832971882
7.614734543306033,88.91466822304238
-4.533517145749787,-33.94489722707229
0.35929807354145105,-22.173779119511643
0.20621796026086336,-15.060686569934639
-2.548037496582987,-24.82190891833871
-5.069531802789193,-37.83068689049395
-2.7722885138070676,-61.551773428220855
-4.365074781129927,23.513568754394637
-3.4723781332580916,-16.956117251508207
-7.160110500800766,28.459014150274616
1.704461825256633,41.60510581107286
-2.5745925738473723,4.255907241791885
6.903296353730864,45.580615540320345
-3.6050766638875906,-25.815862453535942
-4.0387240166632825,15.966393820592963
-0.4506530677569849,-6.650048804963511
-7.791595967535981,56.56363788157705
-2.533981884768611,24.281874698673043
-5.4559356517997415,-35.440197368540424
-6.713968740187481,50.19646891153933
-7.000645903260374,15.715447204324095
-3.229539528491747,17.615223257444136
-6.782984462562762,25.653282523757195
-2.474354101577047,-70.95867748975992
5.1505658405988335,50.77676454060773
-5.001632662681228,-76.26325771939712
-5.750303851659474,42.933771210785316
-1.5486461346979041,-15.005856222073872
0.10135760016163253,13.405360126197365
5.1402200521478605,52.573568141577056
-0.025307419282034616,-16.723849433915657
6.369029728916516,116.57222703287997
-6.20152035666494,42.079350321217916
-7.43907693221537,-1.9539463424531291
5.937933618457434,46.63598895195991
1.542613197074438,33.120629655890596
-3.5173196993873788,-51.17835779898772
4.532483212210174,-6.817076775267466
-7.266591758267419,12.29136905454854
-1.4904120290184029,-70.0502791890236
-0.35025305992339284,-20.56920244425109
-5.237010089824436,-4.5824314841591365
-0.13372522368712048,5.893475963288271
-2.243385168126288,-33.0732046497919
4.149313426108909,70.54413679678316
0.07957361820279907,-32.27995128140134
4.731881717447081,60.78654747251113
-5.743378773793033,44.109298000494505
-7.946190611495059,62.28283351395852
-2.8306881339987786,-27.764395412242074
1.0948662964232039,-57.66216071593636
-1.3897357534074875,-59.451214598557854
-7.011207779730411,47.1460402811913
-4.813722358589487,-16.31800909366372
-6.602639307831916,40.866025892546915
7.407814540965985,78.4876464549622
-0.3436856904349046,-25.445391930140957
2.659745562327128,0.574391769794518
3.281408150315727,29.362460676514498
-7.612541336670274,32.260813687319875
-6.319100035673451,39.12782023454075
2.4134074305707554,-54.18896110108493
-1.8588578279874763,-64.8251657223557
-4.024511208187548,-10.495120379056658
-3.9007237270220596,-19.321390834562962
-6.937545684797465,43.07805431738064
-3.0074842962608024,-70.07525208518243
-4.514570983024349,0.2125866680075923
-2.8902746223400086,-73.12789999082865
-4.3616696936288974,29.51895866122195
2.5245699706621707,-25.08529013597141
2.824416095603768,-12.938684298729527
-2.5465340280009663,-6.709032400787748
-0.5489029526374622,-14.869647092185653
-0.5961383288368172,-42.377814694857776
1.455341542949288,-20.010565338991945
-1.1389908274651006,24.494981625821023
-2.4075485421648644,-52.13116942295947
5.122044551528367,88.19502637601667
5.307777984462291,30.00591046274894
0.6279506215889121,-56.254798159644125
4.303751327480912,64.39536516098462
4.509375901426514,49.23141911757499
5.2114870362942955,47.846586771435675
3.485584737817458,43.38877226704594
-3.173725323668597,-22.537678546740093
-1.4749461940763577,-37.54477828659213
5.1996176092757125,62.600974058351
2.766484597479586,12.033755185972005
3.7452588565492313,-1.4773583253180007
4.09339252495028,62.67549762720068
1.559531593527666,3.460000518767677
-1.9051416202686458,27.34569887570713
4.037228012498197,128.3964458849953
5.651564163445238,20.559576731673296
3.073173030522465,26.444188112279498
-0.25698908514275054,-8.436377972785891
-3.7214360322289632,-45.626133406546465
-5.353489022950324,23.454751852909812
3.2433777734934104,-64.35620987809499
-2.2365076514738202,-56.61684971572779
-1.7264532151055345,1.2650550882003166
5.765008769254473,17.573041987796323
-1.7569337597570058,-43.356465926258274
-0.014594572427450103,-24.44269345118677
-0.8931297010208201,-63.37687487675203
4.453518399414081,8.9837376965856
5.958413692266497,72.34228951193673
1.0374830017086119,-14.334449118461682
1.9519620017466313,-15.922977241314582
3.985892645160426,59.41198047217148
-3.1456963201919397,-25.28817339172095
-0.4055649305935045,-1.5392447967296157
4.304839186224308,28.743678506322137
-7.263852091148713,-3.9353394633229613
-7.500626093853146,14.036617024809477
-3.2282428783300148,-2.386359257369328
-1.8562292814080958,-67.25867809343879
-5.965523102399262,19.299606679794366
-7.080040740007821,52.982355206823925
-3.537305147947091,-48.96120562607899
2.4787924835893627,-56.58945450456131
-5.0438187489728605,32.727969356378956
-1.5191125266747285,26.530744629526577
2.6454358812352954,6.9946804621681
0.5072855500185529,31.119225812579664
-3.1597953569619524,-0.9392939280796497
4.328639674594209,10.573921730386544
4.377653214746365,32.67013626404512
-4.859880623048804,18.108488054938114
6.772332469024542,-13.122209157961507
4.467987469437764,37.69389194786771
-3.1043287113452855,18.496888319919936
2.0271359860169262,14.381064044292593
-3.8767219261984476,-23.264410774215417
-5.780202625998276,1.2029280092326378
1.9282810803348642,-64.9211779105248
-3.7850793549903674,10.85249689146549
5.257731688922316,-20.487349222412384
-2.1725621348810513,-0.5338429482762201
7.625428325824405,118.87457413210295
-1.538826931752741,-37.39693439066652
-3.0785577215689504,-4.060775588073909
-0.5812383716033196,4.128591055780539
6.960748924566083,72.61008189366562
-4.892426396242451,-42.958834219996355
-0.9947470061880725,2.04258388246409
-0.9598349244166169,-28.106791791657706
0.6496467932791568,-11.711033825914438
2.8329366088160075,-30.517052467867934
2.824575470740715,44.5564193268561
-0.6321589479140393,1.8604388197443988
-0.0660403917881176,-63.69739648761265
6.586466121138493,22.09189796051031
3.4222797983867874,18.347017829759963
2.589494904350227,-6.785299942911782
-5.955488151158638,-6.862303376213127
-0.20708314569939112,-46.01860976385086
5.653862584346573,51.086695758706036
0.8859177324143293,-14.159012914207239
-0.3869682743275433,-19.287795905397967
2.4405366788010507,47.97110841005669
-5.3671751164262,50.88332878839532
-1.5644280920346247,-94.03809182904145
-4.0648316156775035,15.07378790313243
6.053665021488557,105.58472079283789
6.651124261838268,30.799871238477188
6.283924264547121,50.70893754212669
-2.9737746925107125,-33.77189513864647
6.615345350348646,101.48248026009077
-6.2814780654849365,30.44652938971744
-6.468857427228198,30.84112049022906
-5.642873200100389,14.238480091356623
-0.1245035762359663,5.1528970626175905
-1.4430748441951398,-15.195322500965814
-4.841247771313059,-31.667407435506213
6.617798591560987,49.89158358837024
-4.778963684580679,-23.16517539355381
6.885013919154611,140.859799511949
-4.494160532590698,4.831950206268608
0.5999850739041364,2.7049624183276784
7.993890925630463,170.70930467304794
-5.686582683747725,21.344553282463032
-3.8888797294639073,-72.31756543455518
-0.06445258254842834,-13.007207517555848
-3.093457503541952,-36.58468103177432
1.9524024581298889,-24.010642700054323
0.5445995638108911,-40.9809837893846
3.422502163861065,7.192962918837177
7.277420650913037,60.81809805929343
5.970421549284167,92.00765033471315
6.99548150241597,109.04875875636759
2.2697836911689357,9.04000279746735
-6.831199794821604,40.37994674489138
-5.017273907147832,-32.01613386069194
6.096471351024709,92.10061451456437
-5.993704853919025,-15.39090186826541
-4.098853697437347,-59.930168317443005
1.3254416861064016,-24.09709216627934
-5.070468486487904,4.621958279526142
7.819315103247785,119.33099159328991
-7.91153490018648,84.33132735894398
1.5030539175265627,-23.735584308037666
7.58182568502998,143.8034649762725
-7.613629463768854,92.81078176475884
-4.061539822244841,0.43615600156969414
-5.422587108672767,-24.925949010706216
-5.879808003508769,53.710859932203896
7.113211103051528,94.45773087755482
4.271744370746566,32.206582428233155
-1.113884257188115,-67.08227133971012
3.7451313416385155,-37.17514795293857
-5.209681312042214,51.17926183545652
7.364389951442774,125.16683481233638
0.5273433185635437,-41.81382443915007
-2.032386489141265,-35.97167226692446
2.318871083663037,-38.9651745188648
4.072553852967376,23.167417709044717
1.9463149936122353,-68.89717013262452
3.022267529210943,30.84903938964029
5.875882782252255,73.69355817732826
1.6612515014342133,23.719512905624754
6.812117054766363,87.79324706114694
1.0161375006670408,3.2387545998898375
4.846735547305846,51.448727028270746
0.9718468562876819,-0.4763349213742458
1.3689311278553902,-30.64868932656347
-2.853759426500403,13.649223389349636
5.147800760913677,4.839367452870491
0.31358771314896217,-36.71930012082598
-0.0693231916235515,-24.511326546752993
0.051428123891565036,47.46820198124049
6.192811582179173,38.869996122450466
0.38275485836680545,-11.623563638851765
4.757957774709896,48.465366517153406
-0.38121560147492417,-73.48285741869739
-5.406382763667894,78.51649460615923
1.8638752425757001,22.905872451406623
4.203342931317904,34.448674556909644
7.825066488251103,107.6234965316856
-7.434116457955911,64.67717010086437
7.531674263913356,35.9716502424788
-2.233691730781919,26.132421867160353
-6.331676582286532,9.90160436375353
0.827695008544854,12.850648348160533
0.6783446371893582,-49.90844022350123
-2.9698567444048365,-38.57338053083292
5.752759684918486,-14.621857135094281
-1.7577655011173565,-33.69117734499095
-0.020396310270788476,-25.28887908620823
-5.980324155229493,-8.007485263294754
7.164490044581187,140.86022600942516
2.9101273335501077,-1.5254658947703321
-4.490060134613332,-11.270528828458627
7.328780526519193,68.96398605106474
1.1343218669804962,0.7431289930737286
-4.018296313683518,-27.496385120000806
-4.521496270075616,-11.110516855916925
6.799620120026166,52.00630950540496
-4.869047056373711,31.677808522738257
6.380428220382443,113.47311557596882
6.347317191977121,62.095883570159884
-2.3520664381142993,-11.468980277062391
0.8449610709714204,-37.37846459931127
3.5867258675224107,42.74416264628648
1.139164736574564,11.845649531530057
7.3039194084776895,76.50815146622014
-3.9041076678879847,5.488035594688196
-5.042350127664523,-54.73951842961696
-3.6983260900618795,-18.396391892572648
1.9916519068616338,-39.2393792773855
0.3379646828336682,-15.270926386919768
6.7774755524130885,89.8184622714319
7.875950639107062,74.41017094184797
6.094914261830327,30.66144538720946
4.404442662789492,12.594722039436013
-7.198368137248631,25.404884423368415
-0.8567083147638606,-33.660462226879275
-1.7035332500258864,-22.022707001856787
0.6799866611240368,-33.39153731664888
2.536698342071066,57.57875381144548
-7.531801930349902,55.39582528443555
-0.8395455030949499,-44.407022495168434
-6.269353125971893,55.253031376871014
2.476421138978326,17.511132797515803
-1.7438118332317138,10.404022831575329
5.448264424789427,85.22302421478994
4.218611376941576,-6.9286437669508985
-6.12375377804992,5.359140705348702
-7.3507173723944454,36.30994690038955
4.258712180939838,-19.05543586591854
3.1931031030996326,25.602176945842604
6.360113127460993,50.63484101141565
-5.672875132471502,29.904343405123534
3.663606191869386,38.70237357124702
2.240720367458213,-16.2435016902159
1.5115482450188384,-68.54587236739664
-4.327665905188281,12.640664555273432
-4.241031271726108,-31.87909994479717
0.5770365317735902,-0.6309412439446298
-0.7435933195525077,-82.40323770367287
6.709752813428635,125.74470613038591
-4.166359527884152,-3.2138041829332167
-5.9880727644665335,37.74759332910362
-3.203384592653176,-12.66952481546067
-2.0359753307000084,19.578564213891806
3.7862202717463678,67.94351037294761
3.822210832150681,-2.0377912939703364
-0.3651051831739114,-33.02705841546695
-1.9749779783751134,-5.505817842204571
0.3095570568080941,6.772360488719688
1.944152484307665,-69.21030992599265
-0.2973239597149462,-13.85198600829683
5.983222503637624,23.32706642304219
-2.1783152007853346,16.13158271721927
-4.498013972705708,8.319672566564098
2.6530745819416985,-24.695326094485715
2.637344649412986,-22.999568799280794
-0.4398333435252457,28.85286897767576
-7.235618178863552,96.3382868920245
-5.014602709744196,1.5584583478739056
-1.5343059105163679,-33.62854290615206
1.6529789521080414,12.128364230812391
6.2295496613967405,43.65522546711575
-4.799360779194322,-2.0152221274101225
-6.0885768322148,31.689558738879334
-7.700060740770448,63.526994797431655
1.7510720915831026,10.470964610444835
-3.402949037148746,-18.109023159475974
6.755460158783004,78.84155847146306
-5.95706093280997,-21.805932516658842
-4.89238913323557,-56.34298669366746
-2.51967071178726,-5.8906050646705275
4.526976385075054,27.98763766330266
-6.294407487832537,66.8830664414017
3.1368581278253043,26.814461163590792
0.05966172288431082,-68.68101116206462
2.149599432889435,23.900716411750068
5.077669479842575,19.734926754208633
-3.6904947595038085,-21.428945097837676
7.029930446781835,71.77788159962464
4.988021022350642,-18.0285684733567
7.570455295093726,152.99612847624564
5.839091323428093,55.38083622298007
7.150983876076431,105.65895486386968
2.6159929855209363,-12.851036824496303
-0.43550618088042903,-53.57161750883603
7.079282369246826,72.86677896291827
5.418993925903839,101.60753094105193
-0.43683509884703753,-41.34225557459436
0.035014848654080666,-57.236190681737995
-4.613035658442749,55.33471805291488
7.987997726099458,108.09277823394861
-3.6183139822782273,-37.830592702634824
-3.1376714771989054,14.716972654112144
-4.00974348636835,-36.10343696139041
5.667609026516882,66.8981477489649
-5.3637308981179554,3.546147425825888
4.71916879610542,8.315939101210965
1.998246990904942,-46.58598795083893
3.802896326762287,56.533180676052226
-4.345391767065465,19.340254557611
-3.818872307985421,45.8419832927015
5.984312388925241,66.96670901098945
-1.8504454282854752,-26.363699155636002
-2.636959531440178,-11.991724872242786
5.316279383133196,65.49817030745017
4.713217596998435,73.0098755069859
-3.2550361313522522,-74.60838704551519
1.9013893973437312,23.150096430428313
0.18202062935189822,-30.149165826550316
-4.503647556380557,3.778649147481964
-5.94657094894737,-7.820802208572093
2.7852078393807798,5.2690458817400145
5.087049578282311,96.9730413636893
-2.9423044086918875,-78.54002700916833
-6.132110568760764,31.16599694395282
6.607520876888827,81.3881670648657
-6.9720968954241425,24.125004297506543
-5.714115471563948,10.735062950186403
-5.205729954678544,17.25287063390352
7.112040541799896,81.62449550595866
-7.622534829726185,45.16122693865199
-0.4387968056693996,-27.4605313087493
0.24502564913437652,-13.353666032340675
-0.10152507322228566,-31.627865756770774
-4.343992584378984,-10.205774742081845
-0.10072739155016563,3.196592776282202
1.9892408520366462,6.823719068665239
2.409450579756042,39.35853029911142
3.2761903672841157,-0.7095615896982519
2.3235126002270157,-60.00197178944876
-4.542631469116648,-7.103960669442441
-7.522426239152033,16.25258294877823
-6.170558912825195,-12.178991832856617
3.5905606994937003,22.092442852450098
2.1293161556705353,-15.58550047370964
-0.6906184636912247,-13.573776562025005
-2.2012893543760583,27.1740664820921
-4.286151656840492,44.6373239334865
-1.9900014947921232,-10.54431950020926
4.348208097302658,49.09703971756072
-0.14653959184329857,5.844138484706331
-4.134049089196841,28.246253838189045
7.470662905040786,64.18617141502475
-4.201706384508359,-58.94636084339501
-3.611767599137764,28.646379792414326
1.954780597661392,-31.596021900981984
-4.101265775891514,-69.3636781837493
6.92919082853151,85.71840239369256
3.604929787352539,-15.10828974908474
-4.913917882455438,34.46966775771399
-1.375973344713172,12.61904070035694
4.960973424494615,51.274937929678686
7.951881043217021,111.11272683407589
-6.415708685590923,24.501927160280854
5.3490917881830615,31.93069862555994
-1.5726050547875339,-23.52423018380531
-6.3350939101790775,25.544168082827756
5.650228601021155,39.05312385706111
-2.236923512776558,-35.507575148154196
1.908155453256196,-21.250425417616896
3.8778885328727988,68.66478831031773
-3.63276294648092,-14.75970967224924
-3.433396507994356,-46.95974620679873
7.519566964504728,139.22150792592672
3.953165510094628,13.54088201134763
-7.3945065126996425,23.8434762097122
4.904164405853862,-44.378641907626566
6.174520032971349,39.36042931149217
7.122075307540268,49.40838519558444
0.3216435525102668,-26.75411729849678
-1.8125008713203101,-37.998037195591564
-3.3676954634810468,-14.305333214016457
5.367520122555154,53.59868712949833
-3.307379539055054,-49.84293553943235
-2.707339256610023,-90.63073209990807
3.424573539636153,22.54785851632149
5.626780652055642,39.818637355163084
1.308591614701463,-41.868444625297165
-4.19652179167012,-48.208242881762494
-4.783287418436467,-36.504157855775034
-3.012049768851787,57.860024944448114
-7.693899942901805,30.77796503953312
-4.019052071759285,2.160661245293415
4.2589170603163815,2.5438234256858934
-1.7064956157117557,-71.84295604726472
-6.886893670267705,58.08981082543636
-2.888480467040564,17.952143238410144
1.5961698623140066,36.316735939031666
5.047503137012368,44.3975434334448
-0.2051938469565222,-32.262348935233135
-1.9431319294729388,9.275358821436125
3.1917896901401015,20.56547608847216
3.913171807967913,57.532948272908534
-6.637905165044129,52.22212654007052
-6.467738266421209,89.61460184839967
4.665192841636136,35.87488326890167
6.958493243276935,101.59228604150118
7.91107372428039,74.78495091270484
-4.816900318282718,29.289638172219806
-4.343866367717917,-21.768867674410238
-3.063208516736246,16.781692232726613
-6.732905803831745,-5.602443584179451
-6.258545243516986,31.916212055797693
5.1641592337495315,17.63885288720274
-1.4589699875127824,-53.40045406694118
-0.8053747770134283,-40.12544750347097
6.0377577390089385,160.44622394868912
1.3501559824840008,-13.950600556813304
-3.474595746452408,-57.94417765592367
-1.9971861726564608,6.053862971439564
5.685703559297865,60.61584327714136
3.1555187829193265,-19.78697614441026
-5.766833728258293,47.44368187306872
3.3126680769582517,-23.179134503618087
-3.541943547406886,-46.434252931398575
-7.100534887368827,-15.880487776987898
3.994265488818808,19.99623679265633
-3.3232923410250166,-35.24407796948506
-3.9898522348889536,-0.061017010003572736
-1.967702499837932,31.69349844696754
-6.714516440026278,-14.527510599465025
-2.082265787828593,-31.970759664498658
-3.603297608560501,-17.069871183467175
0.45732158699534864,7.062266881481815
-1.8054853057986868,-31.223590812556992
-5.357349617468568,-17.535823614667166
4.563578819365501,53.133125399538976
2.8853095109447864,-13.692837142536252
5.073054221301767,38.742167831593434
-4.377542613507627,13.411873022762308
6.7523787666588415,85.90936561788476
5.260705304437906,87.07987431849782
0.07442885645762409,8.586451768026087
-0.37179152711807895,-48.867677506396504
-5.410381129206428,15.916050575257605
-7.684133293203745,51.05007895735147
2.2604200228121822,-28.905750456255905
2.1292032577420255,-7.400246533512614
4.432500792401651,49.77018941017619
-6.329350617001261,35.131684876158275
-4.79716248910559,18.75167686158314
5.243010601725455,22.416444776832122
4.633166011835154,24.322616921581503
-1.7387496761796637,-4.872516703637313
-0.9621478100477816,-56.54386011959974
3.464340821595803,-9.280827576863757
-4.397227481527876,29.069751829193347
2.82500934939247,-19.710849464714908
5.105666022910601,32.085918177946
0.9265341827181945,36.11973187082903
2.641591241428335,-10.901345330779288
-5.788050779084815,10.65280244048169
-2.732166588025253,-61.17572990756221
-6.464482589272018,12.861773015089398
-7.261594302680466,20.63011154970191
7.473682053703618,63.70360480961676
-7.531920397876364,-14.432241034680487
-7.291746068184347,21.1303593004474
6.9904281046151535,72.54143054101564
-0.869261357079326,-17.926271725314336
0.4592574810858583,21.82229038722709
3.2146670886199544,13.179122073395071
7.0538170078650495,105.1331023304221
0.025126816469962066,-46.02141381988241
7.873597314789066,106.88165768819746
5.915447427248319,83.25991580394997
-7.818724025406917,93.97846196418718
1.3987088236975147,-55.16302663441185
1.8132718582401584,-5.418722105947728
1.9360080551882106,20.259541855703226
1.1415125535796768,-27.790256062639237
6.852801791464811,126.86725194356754
4.605761880588748,14.138953341401056
3.546294116814801,9.08474196693321
5.754460101594482,69.20315071987028
-5.789349004037696,-24.976436951717595
-3.4057776986700485,-33.42192531779326
-4.1157981590311845,-7.078045872570831
-4.960822495902612,-1.1531066170871815
-2.8584143194633995,18.684800601821166
6.16062665701468,57.031819158542
1.2284740139458332,-17.37589239535902
3.383432752937729,-12.002826696566586
-7.785861668567412,28.523545722718303
7.6108595810828525,131.7684705234679
-7.320688311353804,68.48321941776337
4.980954707649076,49.49756481628735
-7.018408631110596,43.88995501051097
-0.5620481256934635,-41.19148039560224
-0.6086174163853801,-18.85635519149671
-6.269570059724316,73.06712756155994
-2.191234206119468,26.795459631954195
1.3228686780334034,-83.7155189850773
7.936541075238802,130.99161339017874
0.40949161284553526,22.120252268734948
1.5033631190180596,-40.285546878925146
2.533867707155302,21.7403083099645
-5.846707372700061,51.807044510263296
2.707238229961268,-37.57952580838871
-1.2496283877381806,-23.03348695669346
-6.333715525326962,27.90795251183932
-1.4126298065663434,-31.31432972478835
3.426290967313399,-43.48159366167588
-5.046691678122372,10.73690894396288
0.9846627040565341,15.809482669723298
-3.444528388213925,-45.27959833590235
6.473487841208467,37.7341027742871
-4.288265925590418,15.949047445365686
3.738562064199108,-12.724527583330971
6.402842068031706,68.36928925967379
-3.3768453836364962,-5.842418211273795
4.58630384602367,10.382461518359808
-4.9754241346360875,4.67243256201899
0.2969488583772453,-10.271902720211378
-3.722682549456339,-24.484024173069866
-5.789998956692408,-58.01251943422631
7.191370174125627,64.76060800636127
-2.1802516323827597,-19.318106382379423
2.914979787980025,-44.45180774176639
5.6992323532710945,5.691960092620185
0.894756107261383,-17.432782345347025
6.096992660958369,71.09672677232459
5.867744582759029,20.139286011005566
3.1635001898172614,27.12089803550093
5.325118808905035,52.636631842390656
-2.0418585061118577,-68.61808162360478
1.5816097843704071,6.000112743234519
7.247006617765109,44.49356440564298
-1.8296086765296327,-32.2898977875297
-4.457461623947834,12.904605511343394
3.0914078046438274,9.019147714436436
-7.672959115900879,19.829312565643832
4.548250233895853,6.605877381136889
-7.3466670103766525,92.10788456616956
0.7132623026997802,-47.65368519345485
-6.955584526124863,64.00353944866629
2.4803465948360532,-4.747368027219958
-4.235930587923816,-19.364994046009887
2.0521091647814256,-13.42170948441338
6.16159748306198,122.05048967423437
2.0392857721149333,-36.45130681455124
-6.247058389186501,29.100515379330112
4.1160286815644564,24.886097715421723
4.136316630202177,41.411274186157804
-1.6674880343818383,-71.12683067985091
-5.989025768684074,25.981403441129075
3.830688164733715,27.72525722593614
-0.8537035026258817,-33.54305645456715
0.06879548048014072,-0.6390521268018894
5.573648661495538,-4.826092412903336
-1.3325627387692638,-71.5710855615313
-3.0886032862648065,-35.09246205858672
6.568647389095213,123.64684252495562
1.362836085253809,-17.098056037598262
6.28682490969946,67.61567684839795
2.1622127337093957,29.092687942918204
6.375907193413518,77.74679064467888
-1.5372907890400374,-40.22437826070097
-0.4557890604984145,32.80665838195108
-4.324814924088749,13.110000924437788
-1.3213911245575751,-12.32924504284296
-7.790344693664432,35.755374654223615
1.6887780961832561,5.4748172404243665
-3.8080817466501795,-55.73170354684886
6.094256140979564,66.94980827093289
-1.1413230203830462,-12.608226896905547
0.6347170832095994,14.46181002495328
-6.45317493738866,62.27503991370173
7.350891480754186,113.89911789741605
-1.0551975735117267,9.796342083448316
5.477243676112874,36.261901506606804
0.10905674319851677,-26.78750637464091
-4.842069657199623,7.3097033500558375
-3.254830305848973,19.935781631279553
-0.9826784848595995,-3.5677538422354296
1.2441377055729923,-56.057216587815816
-5.715503544066237,-53.712595211587306
-2.799556503565256,-13.283156153863182
1.741806012396193,-46.109217303953436
-6.260088246541578,-13.691755814062581
-4.431604472487397,7.204314925078201
-5.183383983998786,4.943877764684115
6.318122964912442,110.4609088450634
5.237263878926264,21.490425962835
1.144396128916469,-39.10128413667442
2.3303973510705944,14.129110187211857
4.419674222557562,77.08245850740869
4.129342105309997,68.40916372557075
1.029852527016157,-58.35041302374977
3.024512438316183,-12.742590268511506
5.891644164015345,81.44527665831602
-7.155959129573231,61.58686602407852
-6.352111906209116,7.780175352011025
-7.142266169775514,5.688076391343259
-2.9900027036197567,-42.095705511947784
-2.7517725184582265,30.082169234868026
-6.914423233649755,46.64790478129824
-1.47005502865297,-100.97165748716574
-6.468993191176466,-49.491643357018475
-1.0341634459538334,-9.29281921108846
-2.848239057732725,-50.82058654621085
1.9551544294084469,1.9888081491878093
0.062008965219565226,-35.31029391788326
1.1106164455679401,-43.228466703331456
-4.64281971558882,3.453665237585426
3.0895679303765498,-29.478763881260754
-7.071392263422059,54.67794581862104
-2.135741495251329,-53.796106708549026
-4.648695140796935,-37.065734822825235
3.096593467202693,-26.86291986376989
7.957841799404877,122.02231663699627
6.605462468189547,119.06240008833781
2.9329799880527023,5.182670512086898
4.998361413996712,65.81913051677347
5.2622350157591935,20.715683864251567
5.759520055503035,98.7085462444644
-5.08574313707415,-24.844432872417226
5.589130930491139,18.89674107845488
-0.662453640173311,-1.8607667149528986
1.8247597468305266,14.607023868602965
0.5081621966373397,27.27451028931148
4.611674141688544,127.29958292098794
-3.4639479694298316,-26.453162007800778
-0.8455686918719927,10.827227378039574
-3.8697186275983366,-40.06459355111552
-6.962719139548099,42.89920532876134
2.2792995190879015,-48.69895828674816
-1.555862671811644,39.18402710786919
6.264367735748925,85.64360558885697
7.8956356759492135,123.59129870599149
4.982568083925651,21.94105668894855
0.27756509671450047,-13.142487750731977
-6.953448081316999,28.191402182544923
6.288528652633188,102.77690519808525
-3.331896220358413,-23.191316029138463
-1.8376278573055114,-55.82955290835891
-1.8220122732401052,-4.714873745739123
7.693822722007027,116.02140540687286
5.490027871282244,48.8020938665821
-2.301741020119996,13.184690674150819
0.10418124623135228,-50.984340762656856
-0.3909612792342916,-37.36508145943294
-6.85727163445851,41.308908992202106
-7.854915166890297,58.68433559286419
2.2211902037385336,-25.788574570354644
-1.8656133328700975,-59.61903913938986
0.12559585755659697,5.415268347380419
6.1246360816705305,95.8616665869198
-7.414454752397813,106.71079844686241
-7.480037808913263,37.0407174461545
2.249022952846113,6.9308795585238965
3.9140825381041076,16.624293586673282
5.585418074930654,67.87411683344294
1.4844662211902797,11.763567781582871
-0.7525136188869741,6.265483792953944
-1.2576066481706238,16.630476506533533
2.829639489291731,23.494019291556324
-1.746724524380289,-17.07412432304747
4.043700930395556,52.72971236140613
-2.9049726063652344,-35.54766897117032
-1.5689098897763127,-4.740453841536084
-5.42321856237705,8.354257988726413
-2.6459530537798823,28.259507150883316
-2.493293730103229,13.074629361128121
0.5834998786767382,18.11615281290809
-4.663789378479308,0.8755770553387467
4.7946505474072225,12.96093641327381
0.8433007715374714,-33.954986035258855
5.71214950257305,46.57160793676411
-3.641070269602162,-4.933382852793606
-3.680997851683175,-13.860561205515907
7.056605651384057,94.86564041619705
-2.394709196901177,4.326533971381501
3.9996992459141225,50.23357698038804
-2.614556689271339,-2.3362570307798833
-5.676800254502595,11.897576190685728
-1.813910122401726,10.86646366453926
2.4824059465381403,-16.80451423378015
1.171388176892302,-8.174427215809137
6.535973475437872,64.4234689435772
-1.679684069249582,-10.567360228214042
2.847701346498667,-43.72346087863726
6.065955278788978,72.23712715285026
-0.8004959763724866,-57.10595018204247
4.37770903899359,-17.455494284478505
-0.30386373519051446,-37.83417801444941
-1.1321593793842286,-16.315495752619224
-4.53328660135813,-13.74448650747826
3.9306220005114128,51.26058792114468
3.400010669374117,44.95444300810806
-6.944423615330047,0.18465723103022214
6.3010677358501965,19.059407838346047
5.294811689512413,12.751154739311083
4.936508697730119,73.5664703245279
-7.260013936923972,15.756784817697842
0.0772578760113305,-20.1907400842697
7.128531234984251,132.25497564214788
-1.8518587853823814,-47.99452107600697
-1.2754838048870631,-39.09714186954838
-5.598180416092653,11.741734880152862
-6.2415375334546805,19.161891416924473
3.924944056018159,31.079300901038216
-4.231269715340508,-21.638164717547244
-1.117564786223296,-46.61709067812831
0.5777626714638959,-37.42114905104927
-1.6723929518808056,-57.851783742845676
-3.1571011644483207,3.7675098451643265
-7.728898189144969,50.876567739416636
-6.109236029515149,2.630160974557647
-0.6158738404487814,47.63107201344947
-0.674515067827981,-53.298440776379955
-2.872421223153683,-50.62323484603783
-7.456503154174142,7.781062617508816
7.66505733598105,83.45185232992043
2.469094473222871,9.612916402479183
-2.8017802742191478,-17.872870093902655
3.0598089229797445,-33.739995699653086
4.553755055816039,44.7036082035274
3.41192529803582,74.49604493878425
-0.4805792788962542,0.9090251734026502
1.173607876208889,7.967181411312765
-2.012539699410233,-13.29692790849182
-0.7856809027591236,-49.957205390586985
-5.013786544571223,66.95646385661132
4.856553440368982,53.447388539224875
-6.340287496045846,82.07784677609732
2.336132495876143,22.64159109811743
2.399326094310066,38.69184765732018
-3.0498638455136646,-8.396915356641315
-0.6052893254429339,-16.426096339159002
0.5465175967187896,-72.40014632859112
-4.981518278243405,40.81999238367518
-6.476502378238164,58.309274518392506
6.9864905779820745,79.05561116435993
6.558508039986387,82.39650192392092
-4.900316356772583,4.7825537337611035
-6.844404913965738,28.72084777821001
-6.545022604042442,21.932621772417722
-5.784480865086964,35.79559356983415
-3.387008535270075,-22.116154971920935
-7.850834340698793,66.52511776459801
-1.2696836003735452,3.0483497480876913
-5.422115490049457,-17.34886935864575
7.414338779185895,119.88414181063104
-1.7096613615157796,-14.724498506700332
2.3631720214065126,18.107141001392836
1.372405365934025,-12.589341349991363
0.0096396270862531,-41.71294767828066
3.704970928051985,45.62898213027926
7.556404669958804,61.16525976301772
1.625987823525973,-68.20919378794058
-4.704947386743745,36.64554571586417
0.47710231668039427,-10.959041514922028
-2.7323539433250303,-64.11573498148121
-0.09897075718266102,-65.32511501545397
-1.7070493537950018,-37.83184542758005
0.5243684002545237,-74.5751829749503
-7.323252229636813,69.25011971877257
-1.54175266408582,-86.24912125283872
-4.109569903212348,-48.45368167243892
1.2232939118275432,-35.45880593084974
-7.108981158405582,27.991684969457264
-6.073685055788113,-51.36137400651595
-3.401839209759082,-80.83054673370592
4.301057810568047,41.41081544521741
6.629068375723175,114.59762050735944
-1.8579159578909739,-36.68237516134826
2.1961354247338374,-35.17238200624068
-4.555221398792698,30.36269553105222
4.465709003223658,93.35032076902601
-4.00020272464613,2.1358404590096534
3.4415181580506093,-33.3911659908231
5.00552119791295,26.289565594427287
-1.317215526480803,-19.667039603084994
3.461310070204851,-30.145555807089814
-3.5165723060909233,-2.8386676133026594
6.523416469400763,77.14533884944383
-3.6397306288904208,10.793238677396996
-5.3431266034288285,16.675731297168312
-4.406980456247897,42.59112699595963
-1.3991014976179752,22.57489577076901
-0.696879953165725,-46.52860865471513
-2.767708436017667,27.724000846998074
7.657596728340554,125.57668219398954
-4.6805378602625485,-7.82825612878456
3.61809179397674,-20.29234431353545
7.932332660173946,78.78990957273899
3.1243904567754726,9.255914819521909
7.769509655229918,149.17959830241844
5.001559775927058,18.212656645166064
5.682863825641336,25.460732180796644
6.055495140818557,5.001407937895237
-0.11836273347533499,18.80119583213826
-4.58084979171826,-48.00185335836852
5.3492974298292335,31.161995907096223
5.540858497551314,46.38349774310805
1.8547087966591285,-6.598270834859702
3.9956665811858354,26.711416562931806
7.616683735189131,134.61899365961358
4.337316743783273,6.579597683027078
4.0469637938078336,23.189273340222133
-2.8568127914938053,-2.342065874586261
-3.908886523473326,-8.611539429329383
-2.340479581933339,-36.53673637297259
4.378904933675754,40.67409858054383
-0.1404582705938715,-13.55766229460079
4.103772127231238,3.454355879339186
4.245008018729731,18.249763241242
-7.377891561229305,34.389029699935776
-5.520574514794951,4.476611873954044
1.1479809393715055,40.90145223839856
7.039061533291735,43.73889207876601
-0.11803602985724915,21.568310353141353
1.6387482525293589,-8.488642298056465
0.7584321211640148,7.270974614676955
2.206411621962893,-5.396944046868698
4.149272885589726,-21.697966671037527
-4.669118532890753,9.35004269353059
3.6067431636863603,12.917656843589945
-5.680386909300431,71.10221375137421
